﻿cell type ,description
KSC,"Smudge cells, also known as basket cells or Gumprecht shadows, are remnants of leukocytes damaged during peripheral blood smear preparation. They are stained light violet-red and have a blurred chromatin structure. An increase of smudge cells in peripheral blood is associated with chronic lymphocytic leukemia. "
PMO,"Promyelocytes are round or oval cells 12–25 um in diameter and larger than myeloblasts. They have a large and slightly indented nucleus that usually deviates to one side with a visible nucleolus, and the chromatin starts to aggregate and is more coarse and clumped than myeloblasts. They have abundant basophilic cytoplasm stained blue or dark blue and contain violet-red or deep violet-red non-specific granules with variable numbers and morphology and are unevenly distributed in the cytoplasm. A paranuclear hof or cleared space may be present. "
MYB,"Neutrophilic myelocytes are round cells 10–20 μm in diameter, smaller than promyelocytes. The nucleus is oval, semicircular, flattened or slightly Indented on one side, and The indentation is usually less than 1/2 the nucleus diameter when assuming it is round. The nucleus is normally anucleolate and stained with concentrated clusters in the form of rods. The cytoplasm is abundant and stained blue or light blue, and it is heavily filled with fine and light red or violet-red granules. "
MMZ,"Neutrophilic metamyelocytes are round cells 10–16 μm in diameter. The nucleus is significantly Indented and kidney-shaped, semilunar, or horseshoe-shaped. The indentation is less than 1/2 the nucleus diameter and 1/2 to 3/4 the diameter of the nucleus when assuming it is round.The nucleus is often eccentric and anucleolate, with chromatin aggregation in small clusters and visible parachromatin. The cytoplasm is abundant, light blue and filled with neutral granules. "
LYA,"They are anucleated, vary in size, and comprise coarse and dense chromatin. The cells have polymorphic nuclei that are twisted, deformed or lobulated, or folded like ""brain gyrus"", with scant cytoplasm in a blue or pale blue color. The cells vary significantly in size with regular or irregular shapes, and The cells vary significantly in size with regular or irregular shapes, and the nucleus is typically indented, twisted, folded, or has cut marks. the thickness of the chromatin is variable, with or without nucleolus; the cytoplasm may be abundant or scant, with a deep blue color, and sometimes with visible granules and vacuoles. 
Hairy cells are about two times larger than mature lymphocytes. The nucleus is round, oval, or indented and mildly folded. It is large and in the center of the cell or slightly deviated. Hairy cells have abundant cytoplasm with a blue or pale blue cloudy appearance. A prominent feature of hairy cells is the uneven margins with many irregular ciliated protrusions, also called ""hair- like"" protrusions, which are apparent when intravital staining is performed. Characteristic hairy cells are present in 90% of hairy cell leukemia. "
NGB,"The cells are 10–15 μm in diameter, round-shaped with typically rod-shaped, band-like, or sausage-like nuclei, having coarse, agglutinated nuclear chromatin in deep violet-pink color. The cytoplasm is abundant and pink, with a large number of small violet-pink granules. "
NGS,"The cells are 10–15 μm in diameter with a lobulated nucleus divided into 2–5 lobes (with 3-lobe nuclei accounting for 40–50%), having deep violet coarse nuclear chromatin with abundant cytoplasm that contains a large number of light pink, small, and uniform neutral granules. "
LYT,"The cells vary sharply in volume, with diameters ranging from 6 to 15 μm. "
MON,"Monocytes are large cells approximately 12–20 μm in diameter. They are typically round, oval, or irregular in shape, with or without pseudopods. The nucleus is twisted or irregularly folded and sometimes shaped like a kidney, mountain, or horseshoe. The nucleus chromatin is loose and reticulate and stained light violet-red. The cytoplasm is gray-blue or gray-red, translucent, commonly vacuolated, and contains small, dust-like violet-red granules. "
EOS,"The cells are 13–15 μm in diameter, typically round, with a glasses-shaped 2-lobe nucleus and coarse and deep violet-red chromatin. The cytoplasm is stained lightly and filled with coarse and neatly arranged orange granules, which contain a variety of enzymes such as peroxidase, phospholipase D, catalase, and acid phosphatase. "
BAS,"The cells are 10–12 μm in diameter, typically round, and the nucleus is obscured by granules, which are violet-black, varied in sizes, and unevenly distributed in the cells. The chromatin is coarse and violet-red, and the cytoplasm is stained lightly. "